sample_id,thickness_m,pressure_Pa,dip_angle_rad,material
U001,1.25,2500000.0,0.5235987755982988,sandstone
U002,1.3,2700000.0,0.6108652381980153,sandstone
U003,1.28,2600000.0,0.5585053606381855,sandstone
U004,1.27,2800000.0,0.5934119456780721,limestone
U005,1.29,2400000.0,0.5410520681182421,sandstone
