point_id,x,y,z,source_crs,chainage_m,quality_role,target_crs,vertical_datum,unit
C01,12956620.248767143,4852509.522163175,43.15,EPSG:4326,0,origin_check,EPSG:3857,1985 国家高程基准,m
C02,12957288.165711902,4852857.8183605,46.65,EPSG:4326,600,midline_check,EPSG:3857,1985 国家高程基准,m
C03,12957944.95070758,4853148.074513375,49.7,EPSG:4326,1100,end_check,EPSG:3857,1985 国家高程基准,m
C04,12957171.280246567,4853249.666169116,47.37,EPSG:4326,520,off_alignment_check,EPSG:3857,1985 国家高程基准,m
C05,12957577.596387964,4852407.938070757,45.3,EPSG:4326,835,off_alignment_check,EPSG:3857,1985 国家高程基准,m
